timestamp_actual,operation,operationCount
2015-08-26 00:46:40.000,scroll_down,308
2015-08-26 00:46:40.000,target_clicked,7
2015-08-26 00:46:40.000,scroll_up,173
2015-08-26 03:33:20.000,target_clicked,7
2015-08-26 03:33:20.000,scroll_down,88
2015-08-26 03:33:20.000,scroll_up,25
2015-08-26 06:20:00.000,target_clicked,2
2015-08-26 06:20:00.000,scroll_down,223
2015-08-26 06:20:00.000,scroll_up,262
2015-08-26 14:40:00.000,scroll_up,230
2015-08-26 14:40:00.000,scroll_down,1302
2015-08-26 14:40:00.000,target_clicked,5
2015-08-26 17:26:40.000,scroll_up,205
2015-08-26 17:26:40.000,scroll_down,1769
2015-08-26 17:26:40.000,target_clicked,5
2015-08-26 20:13:20.000,scroll_down,72
2015-08-26 23:00:00.000,scroll_up,29
2015-08-26 23:00:00.000,target_clicked,7
2015-08-26 23:00:00.000,scroll_down,94
2015-08-27 01:46:40.000,target_clicked,3
2015-08-27 01:46:40.000,scroll_down,616
2015-08-27 01:46:40.000,scroll_up,112
2015-08-27 04:33:20.000,target_clicked,1
2015-08-27 04:33:20.000,scroll_up,79
2015-08-27 04:33:20.000,scroll_down,609
2015-08-27 18:26:40.000,scroll_down,16
2015-08-27 18:26:40.000,scroll_up,20
2015-08-27 21:13:20.000,scroll_down,155
2015-08-27 21:13:20.000,scroll_up,52
2015-08-28 00:00:00.000,target_clicked,23
2015-08-28 00:00:00.000,scroll_up,881
2015-08-28 00:00:00.000,select,2
2015-08-28 00:00:00.000,scroll_down,2932
2015-08-28 02:46:40.000,target_clicked,26
2015-08-28 02:46:40.000,scroll_down,3279
2015-08-28 02:46:40.000,select,7
2015-08-28 02:46:40.000,scroll_up,1187
2015-08-28 05:33:20.000,scroll_up,154
2015-08-28 05:33:20.000,target_clicked,7
2015-08-28 05:33:20.000,scroll_down,403
2015-08-28 08:20:00.000,scroll_down,33
2015-08-28 08:20:00.000,target_clicked,2
2015-08-28 08:20:00.000,scroll_up,15
2015-08-28 13:53:20.000,target_clicked,40
2015-08-28 13:53:20.000,select,5
2015-08-28 16:40:00.000,scroll_down,3672
2015-08-28 16:40:00.000,target_clicked,28
2015-08-28 16:40:00.000,scroll_up,261
2015-08-28 16:40:00.000,select,6
2015-08-28 19:26:40.000,scroll_up,145
2015-08-28 19:26:40.000,target_clicked,8
2015-08-28 19:26:40.000,scroll_down,420
2015-08-28 22:13:20.000,scroll_up,394
2015-08-28 22:13:20.000,scroll_down,1648
2015-08-28 22:13:20.000,select,6
2015-08-28 22:13:20.000,target_clicked,30
2015-08-29 01:00:00.000,scroll_down,989
2015-08-29 01:00:00.000,target_clicked,20
2015-08-29 01:00:00.000,scroll_up,249
2015-08-29 03:46:40.000,scroll_up,19
2015-08-29 03:46:40.000,scroll_down,37
2015-08-29 06:33:20.000,scroll_down,514
2015-08-29 06:33:20.000,target_clicked,4
2015-08-29 06:33:20.000,scroll_up,308
2015-08-29 09:20:00.000,scroll_up,206
2015-08-29 09:20:00.000,scroll_down,395
2015-08-29 20:26:40.000,scroll_up,30
2015-08-29 20:26:40.000,target_clicked,9
2015-08-29 20:26:40.000,scroll_down,55
2015-08-29 23:13:20.000,scroll_down,163
2015-08-29 23:13:20.000,scroll_up,107
2015-08-29 23:13:20.000,target_clicked,12
2015-08-30 04:46:40.000,target_clicked,16
2015-08-30 04:46:40.000,scroll_down,135
2015-08-30 04:46:40.000,scroll_up,147
2015-08-30 07:33:20.000,scroll_up,370
2015-08-30 07:33:20.000,target_clicked,5
2015-08-30 07:33:20.000,scroll_down,809
2015-08-30 10:20:00.000,scroll_down,98
2015-08-30 10:20:00.000,scroll_up,60
2015-08-30 21:26:40.000,target_clicked,2
2015-08-30 21:26:40.000,scroll_down,11
2015-08-30 21:26:40.000,scroll_up,14
2015-08-31 05:46:40.000,scroll_up,82
2015-08-31 05:46:40.000,target_clicked,8
2015-08-31 05:46:40.000,scroll_down,77
2015-09-01 01:13:20.000,target_clicked,1
2015-09-01 01:13:20.000,scroll_down,4
2015-09-01 04:00:00.000,scroll_up,10
2015-09-01 04:00:00.000,target_clicked,2
2015-09-01 04:00:00.000,scroll_down,6
2015-09-01 23:26:40.000,scroll_down,19
2015-09-01 23:26:40.000,target_clicked,2
2015-09-02 16:06:40.000,scroll_up,256
2015-09-02 16:06:40.000,target_clicked,1
2015-09-02 16:06:40.000,scroll_down,650
2015-09-03 00:26:40.000,scroll_up,5
2015-09-03 00:26:40.000,target_clicked,2
2015-09-03 00:26:40.000,scroll_down,32
2015-09-03 06:00:00.000,scroll_down,162
2015-09-03 06:00:00.000,target_clicked,19
2015-09-03 08:46:40.000,scroll_up,706
2015-09-03 08:46:40.000,select,2
2015-09-03 08:46:40.000,scroll_down,1179
2015-09-03 08:46:40.000,target_clicked,16
2015-09-03 17:06:40.000,target_clicked,2
2015-09-03 17:06:40.000,scroll_down,76
2015-09-03 17:06:40.000,scroll_up,28
2015-09-03 19:53:20.000,scroll_up,48
2015-09-03 19:53:20.000,scroll_down,86
2015-09-03 22:40:00.000,scroll_up,861
2015-09-03 22:40:00.000,scroll_down,3728
2015-09-03 22:40:00.000,target_clicked,13
2015-09-04 01:26:40.000,target_clicked,7
2015-09-04 01:26:40.000,scroll_down,782
2015-09-04 01:26:40.000,scroll_up,360
2015-09-04 04:13:20.000,scroll_down,2047
2015-09-04 04:13:20.000,scroll_up,434
2015-09-04 04:13:20.000,select,78
2015-09-04 04:13:20.000,target_clicked,121
2015-09-04 07:00:00.000,scroll_down,202
2015-09-04 07:00:00.000,target_clicked,22
2015-09-04 07:00:00.000,select,11
2015-09-04 07:00:00.000,scroll_up,143
2015-09-04 15:20:00.000,target_clicked,15
2015-09-04 15:20:00.000,scroll_down,522
2015-09-04 15:20:00.000,scroll_up,99
2015-09-04 18:06:40.000,select,3
2015-09-04 18:06:40.000,scroll_up,480
2015-09-04 18:06:40.000,target_clicked,23
2015-09-04 18:06:40.000,scroll_down,662
2015-09-04 20:53:20.000,scroll_up,361
2015-09-04 20:53:20.000,select,1
2015-09-04 20:53:20.000,target_clicked,9
2015-09-04 20:53:20.000,scroll_down,1406
2015-09-04 23:40:00.000,scroll_down,1831
2015-09-04 23:40:00.000,select,8
2015-09-04 23:40:00.000,scroll_up,248
2015-09-04 23:40:00.000,target_clicked,48
2015-09-05 02:26:40.000,scroll_up,119
2015-09-05 02:26:40.000,target_clicked,8
2015-09-05 02:26:40.000,scroll_down,442
2015-09-06 00:40:00.000,scroll_up,1
2015-09-06 00:40:00.000,scroll_down,1
2015-09-06 06:13:20.000,scroll_down,123
2015-09-06 06:13:20.000,select,3
2015-09-06 06:13:20.000,scroll_up,121
2015-09-06 06:13:20.000,target_clicked,27
2015-09-06 20:06:40.000,scroll_up,91
2015-09-06 20:06:40.000,target_clicked,3
2015-09-06 20:06:40.000,scroll_down,919
2015-09-06 22:53:20.000,target_clicked,4
2015-09-06 22:53:20.000,scroll_down,21
2015-09-07 01:40:00.000,scroll_up,172
2015-09-07 01:40:00.000,target_clicked,4
2015-09-07 01:40:00.000,scroll_down,633
2015-09-07 04:26:40.000,scroll_up,189
2015-09-07 04:26:40.000,target_clicked,3
2015-09-07 04:26:40.000,scroll_down,523
2015-09-07 23:53:20.000,scroll_down,156
2015-09-07 23:53:20.000,target_clicked,13
2015-09-07 23:53:20.000,scroll_up,136
2015-09-08 02:40:00.000,target_clicked,2
2015-09-08 02:40:00.000,scroll_up,29
2015-09-08 02:40:00.000,scroll_down,63
2015-09-08 05:26:40.000,scroll_down,90
2015-09-08 05:26:40.000,target_clicked,4
2015-09-08 05:26:40.000,scroll_up,65
2015-09-08 08:13:20.000,scroll_up,104
2015-09-08 08:13:20.000,scroll_down,57
2015-09-09 00:53:20.000,scroll_down,250
2015-09-09 00:53:20.000,scroll_up,20
2015-09-09 00:53:20.000,target_clicked,1
2015-09-09 06:26:40.000,scroll_down,78
2015-09-09 20:20:00.000,target_clicked,1
2015-09-09 20:20:00.000,scroll_up,45
2015-09-09 20:20:00.000,scroll_down,962
2015-09-09 23:06:40.000,scroll_up,27
2015-09-09 23:06:40.000,target_clicked,1
2015-09-09 23:06:40.000,scroll_down,100
2015-09-10 01:53:20.000,scroll_up,149
2015-09-10 01:53:20.000,target_clicked,16
2015-09-10 01:53:20.000,scroll_down,148
2015-09-10 04:40:00.000,scroll_up,2
2015-09-10 04:40:00.000,scroll_down,15
2015-09-10 18:33:20.000,scroll_up,2
2015-09-10 18:33:20.000,scroll_down,171
2015-09-10 21:20:00.000,scroll_up,164
2015-09-10 21:20:00.000,scroll_down,638
2015-09-10 21:20:00.000,target_clicked,7
2015-09-11 00:06:40.000,scroll_down,716
2015-09-11 00:06:40.000,target_clicked,1
2015-09-11 00:06:40.000,scroll_up,20
2015-09-11 02:53:20.000,target_clicked,10
2015-09-11 02:53:20.000,scroll_down,241
2015-09-11 02:53:20.000,select,2
2015-09-11 02:53:20.000,scroll_up,106
2015-09-11 11:13:20.000,scroll_down,18
2015-09-11 11:13:20.000,scroll_up,5
2015-09-11 14:00:00.000,scroll_down,94
2015-09-11 16:46:40.000,scroll_down,148
2015-09-11 16:46:40.000,scroll_up,39
2015-09-11 19:33:20.000,scroll_up,251
2015-09-11 19:33:20.000,scroll_down,525
2015-09-11 19:33:20.000,target_clicked,2
2015-09-11 22:20:00.000,target_clicked,2
2015-09-11 22:20:00.000,scroll_up,233
2015-09-11 22:20:00.000,scroll_down,890
2015-09-12 01:06:40.000,scroll_down,561
2015-09-12 01:06:40.000,select,3
2015-09-12 01:06:40.000,target_clicked,15
2015-09-12 01:06:40.000,scroll_up,185
2015-09-12 23:20:00.000,scroll_up,52
2015-09-12 23:20:00.000,select,1
2015-09-12 23:20:00.000,target_clicked,4
2015-09-12 23:20:00.000,scroll_down,51
2015-09-13 02:06:40.000,target_clicked,2
2015-09-13 02:06:40.000,scroll_down,61
2015-09-13 02:06:40.000,scroll_up,28
2015-09-14 03:06:40.000,scroll_down,37
2015-09-14 03:06:40.000,target_clicked,4
2015-09-14 03:06:40.000,scroll_up,35
2015-09-14 05:53:20.000,select,1
2015-09-14 05:53:20.000,scroll_up,641
2015-09-14 05:53:20.000,target_clicked,14
2015-09-14 05:53:20.000,scroll_down,821
2015-09-14 17:00:00.000,target_clicked,1
2015-09-14 17:00:00.000,scroll_down,97
2015-09-15 04:06:40.000,scroll_down,11
2015-09-15 04:06:40.000,target_clicked,5
2015-09-15 20:46:40.000,target_clicked,9
2015-09-15 20:46:40.000,scroll_down,3062
2015-09-15 20:46:40.000,scroll_up,142
2015-09-15 20:46:40.000,select,1
2015-09-15 23:33:20.000,scroll_down,3429
2015-09-15 23:33:20.000,target_clicked,4
2015-09-15 23:33:20.000,scroll_up,319
2015-09-16 02:20:00.000,select,3
2015-09-16 02:20:00.000,scroll_up,202
2015-09-16 02:20:00.000,target_clicked,13
2015-09-16 02:20:00.000,scroll_down,815
2015-09-16 05:06:40.000,scroll_down,300
2015-09-16 05:06:40.000,target_clicked,12
2015-09-16 05:06:40.000,scroll_up,305
2015-09-16 07:53:20.000,scroll_down,113
2015-09-16 07:53:20.000,scroll_up,65
2015-09-16 19:00:00.000,target_clicked,27
2015-09-16 19:00:00.000,scroll_down,1838
2015-09-16 19:00:00.000,select,6
2015-09-16 19:00:00.000,scroll_up,548
2015-09-16 21:46:40.000,scroll_up,275
2015-09-16 21:46:40.000,scroll_down,1247
2015-09-16 21:46:40.000,target_clicked,6
2015-09-16 21:46:40.000,select,2
2015-09-17 03:20:00.000,scroll_down,39
2015-09-17 03:20:00.000,scroll_up,7
2015-09-17 06:06:40.000,scroll_up,71
2015-09-17 06:06:40.000,target_clicked,6
2015-09-17 06:06:40.000,select,2
2015-09-17 06:06:40.000,scroll_down,617
2015-09-17 17:13:20.000,scroll_down,708
2015-09-17 17:13:20.000,target_clicked,19
2015-09-17 17:13:20.000,scroll_up,293
2015-09-17 17:13:20.000,select,2
2015-09-17 20:00:00.000,scroll_down,1116
2015-09-17 20:00:00.000,scroll_up,153
2015-09-17 20:00:00.000,target_clicked,8
2015-09-17 22:46:40.000,target_clicked,17
2015-09-17 22:46:40.000,scroll_down,819
2015-09-17 22:46:40.000,scroll_up,388
2015-09-18 01:33:20.000,select,6
2015-09-18 01:33:20.000,scroll_up,42
2015-09-18 01:33:20.000,target_clicked,18
2015-09-18 01:33:20.000,scroll_down,1253
2015-09-18 04:20:00.000,scroll_up,487
2015-09-18 04:20:00.000,select,17
2015-09-18 04:20:00.000,target_clicked,47
2015-09-18 04:20:00.000,scroll_down,1117
2015-09-18 07:06:40.000,select,18
2015-09-18 07:06:40.000,scroll_up,1412
2015-09-18 07:06:40.000,scroll_down,5536
2015-09-18 07:06:40.000,target_clicked,125
2015-09-18 09:53:20.000,scroll_up,17
2015-09-18 09:53:20.000,scroll_down,472
2015-09-18 12:40:00.000,target_clicked,3
2015-09-18 12:40:00.000,scroll_down,31
2015-09-18 12:40:00.000,scroll_up,7
2015-09-18 15:26:40.000,scroll_down,220
2015-09-18 15:26:40.000,target_clicked,38
2015-09-18 15:26:40.000,select,13
2015-09-18 15:26:40.000,scroll_up,122
2015-09-18 18:13:20.000,scroll_down,1629
2015-09-18 18:13:20.000,scroll_up,295
2015-09-18 18:13:20.000,target_clicked,29
2015-09-18 18:13:20.000,select,4
2015-09-18 21:00:00.000,select,5
2015-09-18 21:00:00.000,target_clicked,33
2015-09-18 21:00:00.000,scroll_up,954
2015-09-18 21:00:00.000,scroll_down,4866
2015-09-18 23:46:40.000,target_clicked,26
2015-09-18 23:46:40.000,scroll_down,2043
2015-09-18 23:46:40.000,select,5
2015-09-18 23:46:40.000,scroll_up,483
2015-09-19 02:33:20.000,target_clicked,41
2015-09-19 02:33:20.000,select,5
2015-09-19 02:33:20.000,scroll_up,440
2015-09-19 02:33:20.000,scroll_down,1989
2015-09-19 05:20:00.000,scroll_up,61
2015-09-19 05:20:00.000,select,1
2015-09-19 05:20:00.000,target_clicked,7
2015-09-19 05:20:00.000,scroll_down,297
2015-09-20 23:00:00.000,target_clicked,5
2015-09-20 23:00:00.000,scroll_down,421
2015-09-20 23:00:00.000,scroll_up,144
2015-09-21 04:33:20.000,scroll_down,230
2015-09-21 04:33:20.000,scroll_up,107
2015-09-21 07:20:00.000,select,2
2015-09-21 07:20:00.000,scroll_down,48
2015-09-21 07:20:00.000,target_clicked,2
2015-09-21 21:13:20.000,scroll_up,45
2015-09-21 21:13:20.000,scroll_down,291
2015-09-22 05:33:20.000,scroll_up,494
2015-09-22 05:33:20.000,select,37
2015-09-22 05:33:20.000,target_clicked,56
2015-09-22 05:33:20.000,scroll_down,2196
2015-09-22 08:20:00.000,scroll_down,1009
2015-09-22 08:20:00.000,target_clicked,6
2015-09-22 08:20:00.000,scroll_up,87
2015-09-22 11:06:40.000,scroll_up,5
2015-09-22 11:06:40.000,scroll_down,57
2015-09-22 13:53:20.000,scroll_down,42
2015-09-22 13:53:20.000,scroll_up,1
2015-09-22 19:26:40.000,scroll_up,483
2015-09-22 19:26:40.000,scroll_down,2224
2015-09-22 22:13:20.000,scroll_down,277
2015-09-22 22:13:20.000,target_clicked,1
2015-09-22 22:13:20.000,scroll_up,84
2015-09-23 01:00:00.000,scroll_up,2
2015-09-23 01:00:00.000,scroll_down,266
2015-09-23 01:00:00.000,target_clicked,1
2015-09-23 03:46:40.000,scroll_up,1
2015-09-23 03:46:40.000,scroll_down,237
2015-09-23 12:06:40.000,scroll_up,6
2015-09-23 12:06:40.000,scroll_down,8
2015-09-23 17:40:00.000,scroll_up,88
2015-09-23 17:40:00.000,scroll_down,668
2015-09-23 20:26:40.000,scroll_up,60
2015-09-23 20:26:40.000,scroll_down,1487
2015-09-23 23:13:20.000,scroll_up,47
2015-09-23 23:13:20.000,scroll_down,609
2015-09-24 02:00:00.000,select,4
2015-09-24 02:00:00.000,scroll_up,154
2015-09-24 02:00:00.000,target_clicked,9
2015-09-24 02:00:00.000,scroll_down,612
2015-09-24 04:46:40.000,scroll_down,948
2015-09-24 04:46:40.000,scroll_up,192
2015-09-24 04:46:40.000,select,1
2015-09-24 04:46:40.000,target_clicked,13
2015-09-24 07:33:20.000,target_clicked,8
2015-09-24 07:33:20.000,scroll_down,1320
2015-09-24 07:33:20.000,select,4
2015-09-24 07:33:20.000,scroll_up,138
2015-09-24 15:53:20.000,scroll_down,25
2015-09-24 15:53:20.000,scroll_up,1
2015-09-24 18:40:00.000,scroll_down,2823
2015-09-24 18:40:00.000,target_clicked,4
2015-09-24 18:40:00.000,scroll_up,307
2015-09-24 21:26:40.000,scroll_down,1510
2015-09-24 21:26:40.000,target_clicked,29
2015-09-24 21:26:40.000,select,3
2015-09-24 21:26:40.000,scroll_up,359
2015-09-25 05:46:40.000,scroll_down,1111
2015-09-25 05:46:40.000,target_clicked,2
2015-09-25 05:46:40.000,scroll_up,85
2015-09-25 19:40:00.000,scroll_down,260
2015-09-25 19:40:00.000,target_clicked,4
2015-09-25 19:40:00.000,scroll_up,45
2015-09-25 22:26:40.000,scroll_down,33
2015-09-25 22:26:40.000,target_clicked,2
2015-09-25 22:26:40.000,scroll_up,29
2015-09-26 01:13:20.000,target_clicked,2
2015-09-26 01:13:20.000,scroll_down,380
2015-09-26 04:00:00.000,scroll_up,22
2015-09-26 04:00:00.000,scroll_down,415
2015-09-26 17:53:20.000,select,2
2015-09-26 17:53:20.000,scroll_up,389
2015-09-26 17:53:20.000,target_clicked,16
2015-09-26 17:53:20.000,scroll_down,2211
2015-09-27 02:13:20.000,target_clicked,7
2015-09-27 02:13:20.000,select,2
2015-09-27 05:00:00.000,scroll_up,85
2015-09-27 05:00:00.000,target_clicked,8
2015-09-27 05:00:00.000,scroll_down,157
2015-09-27 07:46:40.000,target_clicked,1
2015-09-27 07:46:40.000,scroll_up,11
2015-09-27 07:46:40.000,scroll_down,64
2015-09-28 00:26:40.000,scroll_up,166
2015-09-28 00:26:40.000,select,1
2015-09-28 00:26:40.000,scroll_down,389
2015-09-28 00:26:40.000,target_clicked,21
2015-09-28 19:53:20.000,scroll_down,264
2015-09-28 22:40:00.000,target_clicked,3
2015-09-28 22:40:00.000,scroll_down,1254
2015-09-28 22:40:00.000,scroll_up,90
2015-09-29 04:13:20.000,scroll_down,7
2015-09-29 04:13:20.000,scroll_up,1
2015-09-30 02:26:40.000,scroll_up,148
2015-09-30 02:26:40.000,target_clicked,1
2015-09-30 02:26:40.000,scroll_down,1567
2015-09-30 05:13:20.000,select,1
2015-09-30 05:13:20.000,scroll_up,233
2015-09-30 05:13:20.000,scroll_down,796
2015-09-30 05:13:20.000,target_clicked,5
2015-09-30 08:00:00.000,scroll_down,64
2015-09-30 08:00:00.000,scroll_up,11
2015-09-30 16:20:00.000,scroll_down,594
2015-09-30 16:20:00.000,target_clicked,1
2015-09-30 16:20:00.000,scroll_up,44
2015-09-30 19:06:40.000,scroll_down,5677
2015-09-30 19:06:40.000,scroll_up,947
2015-09-30 19:06:40.000,target_clicked,13
2015-09-30 21:53:20.000,scroll_up,240
2015-09-30 21:53:20.000,target_clicked,7
2015-09-30 21:53:20.000,scroll_down,1363
2015-10-01 03:26:40.000,target_clicked,9
2015-10-01 03:26:40.000,select,5
2015-10-01 03:26:40.000,scroll_up,30
2015-10-01 03:26:40.000,scroll_down,152
2015-10-01 06:13:20.000,scroll_down,57
2015-10-01 06:13:20.000,scroll_up,11
2015-10-01 17:20:00.000,scroll_up,80
2015-10-01 17:20:00.000,target_clicked,2
2015-10-01 17:20:00.000,scroll_down,536
2015-10-01 20:06:40.000,target_clicked,6
2015-10-01 20:06:40.000,scroll_up,159
2015-10-01 20:06:40.000,select,1
2015-10-01 20:06:40.000,scroll_down,561
2015-10-01 22:53:20.000,scroll_up,455
2015-10-01 22:53:20.000,scroll_down,1543
2015-10-01 22:53:20.000,target_clicked,3
2015-10-02 01:40:00.000,scroll_up,50
2015-10-02 01:40:00.000,scroll_down,1470
2015-10-02 18:20:00.000,scroll_down,364
2015-10-02 18:20:00.000,target_clicked,5
2015-10-02 18:20:00.000,select,3
2015-10-02 18:20:00.000,scroll_up,284
2015-10-02 21:06:40.000,target_clicked,4
2015-10-02 21:06:40.000,select,1
2015-10-02 21:06:40.000,scroll_up,519
2015-10-02 21:06:40.000,scroll_down,1902
2015-10-02 23:53:20.000,scroll_up,30
2015-10-02 23:53:20.000,scroll_down,31
2015-10-02 23:53:20.000,select,2
2015-10-02 23:53:20.000,target_clicked,7
2015-10-03 02:40:00.000,scroll_up,68
2015-10-03 02:40:00.000,scroll_down,582
2015-10-03 02:40:00.000,target_clicked,3
2015-10-03 05:26:40.000,target_clicked,2
2015-10-03 05:26:40.000,scroll_up,48
2015-10-03 05:26:40.000,select,1
2015-10-03 05:26:40.000,scroll_down,171
2015-10-03 08:13:20.000,scroll_up,52
2015-10-03 08:13:20.000,target_clicked,7
2015-10-03 08:13:20.000,scroll_down,158
2015-10-03 19:20:00.000,scroll_up,100
2015-10-03 19:20:00.000,scroll_down,93
2015-10-03 22:06:40.000,scroll_down,66
2015-10-03 22:06:40.000,scroll_up,58
2015-10-04 00:53:20.000,scroll_down,149
2015-10-04 00:53:20.000,target_clicked,7
2015-10-04 00:53:20.000,scroll_up,107
2015-10-04 03:40:00.000,scroll_down,2934
2015-10-04 03:40:00.000,scroll_up,193
2015-10-04 03:40:00.000,target_clicked,2
2015-10-04 06:26:40.000,scroll_down,1367
2015-10-04 06:26:40.000,target_clicked,3
2015-10-04 06:26:40.000,scroll_up,110
2015-10-04 17:33:20.000,scroll_up,513
2015-10-04 17:33:20.000,scroll_down,1769
2015-10-04 20:20:00.000,target_clicked,3
2015-10-04 20:20:00.000,scroll_down,15
2015-10-04 20:20:00.000,scroll_up,16
2015-10-04 23:06:40.000,select,25
2015-10-04 23:06:40.000,target_clicked,29
2015-10-04 23:06:40.000,scroll_down,99
2015-10-04 23:06:40.000,scroll_up,21
2015-10-05 01:53:20.000,select,19
2015-10-05 01:53:20.000,scroll_up,125
2015-10-05 01:53:20.000,target_clicked,25
2015-10-05 01:53:20.000,scroll_down,177
2015-10-05 04:40:00.000,scroll_up,74
2015-10-05 04:40:00.000,scroll_down,289
2015-10-05 04:40:00.000,target_clicked,5
2015-10-05 04:40:00.000,select,2
2015-10-05 07:26:40.000,select,4
2015-10-05 07:26:40.000,scroll_up,671
2015-10-05 07:26:40.000,scroll_down,1074
2015-10-05 07:26:40.000,target_clicked,15
2015-10-05 18:33:20.000,scroll_down,1541
2015-10-05 18:33:20.000,select,4
2015-10-05 18:33:20.000,scroll_up,149
2015-10-05 18:33:20.000,target_clicked,5
2015-10-05 21:20:00.000,scroll_down,9718
2015-10-05 21:20:00.000,scroll_up,2039
2015-10-05 21:20:00.000,select,3
2015-10-05 21:20:00.000,target_clicked,25
2015-10-06 00:06:40.000,scroll_up,89
2015-10-06 00:06:40.000,select,1
2015-10-06 00:06:40.000,scroll_down,2203
2015-10-06 00:06:40.000,target_clicked,3
2015-10-06 02:53:20.000,scroll_down,3100
2015-10-06 02:53:20.000,select,4
2015-10-06 02:53:20.000,target_clicked,34
2015-10-06 02:53:20.000,scroll_up,1947
2015-10-06 05:40:00.000,scroll_down,133
2015-10-06 05:40:00.000,scroll_up,3
2015-10-06 08:26:40.000,scroll_up,222
2015-10-06 08:26:40.000,select,1
2015-10-06 08:26:40.000,target_clicked,5
2015-10-06 08:26:40.000,scroll_down,689
2015-10-06 11:13:20.000,scroll_up,156
2015-10-06 11:13:20.000,target_clicked,2
2015-10-06 11:13:20.000,scroll_down,379
2015-10-06 14:00:00.000,target_clicked,51
2015-10-06 14:00:00.000,scroll_down,127
2015-10-06 14:00:00.000,scroll_up,28
2015-10-06 14:00:00.000,select,38
2015-10-06 16:46:40.000,select,5
2015-10-06 16:46:40.000,scroll_up,68
2015-10-06 16:46:40.000,target_clicked,7
2015-10-06 16:46:40.000,scroll_down,194
2015-10-06 19:33:20.000,target_clicked,5
2015-10-06 19:33:20.000,scroll_down,385
2015-10-06 19:33:20.000,scroll_up,60
2015-10-06 19:33:20.000,select,2
2015-10-06 22:20:00.000,target_clicked,4
2015-10-06 22:20:00.000,select,1
2015-10-06 22:20:00.000,scroll_down,2226
2015-10-06 22:20:00.000,scroll_up,919
2015-10-07 01:06:40.000,scroll_down,1481
2015-10-07 01:06:40.000,scroll_up,446
2015-10-07 01:06:40.000,select,1
2015-10-07 01:06:40.000,target_clicked,8
2015-10-07 03:53:20.000,scroll_up,383
2015-10-07 03:53:20.000,target_clicked,7
2015-10-07 03:53:20.000,scroll_down,1228
2015-10-07 06:40:00.000,scroll_up,3
2015-10-07 06:40:00.000,scroll_down,37
2015-10-07 15:00:00.000,target_clicked,3
2015-10-07 17:46:40.000,scroll_up,16
2015-10-07 17:46:40.000,select,2
2015-10-07 17:46:40.000,scroll_down,120
2015-10-07 17:46:40.000,target_clicked,3
2015-10-07 20:33:20.000,scroll_up,559
2015-10-07 20:33:20.000,scroll_down,2368
2015-10-07 20:33:20.000,target_clicked,6
2015-10-07 23:20:00.000,scroll_up,1554
2015-10-07 23:20:00.000,scroll_down,4597
2015-10-07 23:20:00.000,target_clicked,18
2015-10-08 02:06:40.000,target_clicked,2
2015-10-08 02:06:40.000,scroll_down,1581
2015-10-08 02:06:40.000,scroll_up,1230
2015-10-08 02:06:40.000,select,1
2015-10-08 04:53:20.000,scroll_down,69
2015-10-08 04:53:20.000,scroll_up,15
2015-10-08 07:40:00.000,scroll_up,125
2015-10-08 07:40:00.000,select,2
2015-10-08 07:40:00.000,scroll_down,218
2015-10-08 07:40:00.000,target_clicked,2
2015-10-08 21:33:20.000,scroll_up,75
2015-10-08 21:33:20.000,scroll_down,39
2015-10-08 21:33:20.000,target_clicked,1
2015-10-09 00:20:00.000,scroll_down,225
2015-10-09 00:20:00.000,scroll_up,2
2015-10-09 05:53:20.000,target_clicked,5
2015-10-09 05:53:20.000,scroll_down,8
2015-10-09 05:53:20.000,select,2
2015-10-09 08:40:00.000,scroll_down,10
2015-10-09 08:40:00.000,scroll_up,29
2015-10-09 17:00:00.000,scroll_up,2
2015-10-09 17:00:00.000,scroll_down,69
2015-10-10 04:06:40.000,scroll_down,629
2015-10-10 04:06:40.000,target_clicked,1
2015-10-10 04:06:40.000,scroll_up,89
2015-10-10 06:53:20.000,scroll_down,12
2015-10-10 06:53:20.000,target_clicked,3
2015-10-10 18:00:00.000,scroll_down,490
2015-10-10 18:00:00.000,scroll_up,146
2015-10-10 18:00:00.000,target_clicked,5
2015-10-10 23:33:20.000,scroll_up,156
2015-10-10 23:33:20.000,scroll_down,160
2015-10-11 02:20:00.000,scroll_down,761
2015-10-11 02:20:00.000,target_clicked,1
2015-10-11 02:20:00.000,scroll_up,299
2015-10-11 05:06:40.000,scroll_down,13
2015-10-11 05:06:40.000,scroll_up,20
2015-10-11 16:13:20.000,scroll_down,1150
2015-10-11 16:13:20.000,scroll_up,34
2015-10-11 16:13:20.000,select,2
2015-10-11 16:13:20.000,target_clicked,5
2015-10-11 19:00:00.000,scroll_down,404
2015-10-11 19:00:00.000,scroll_up,2
2015-10-11 21:46:40.000,scroll_down,1109
2015-10-11 21:46:40.000,select,4
2015-10-11 21:46:40.000,scroll_up,107
2015-10-11 21:46:40.000,target_clicked,19
2015-10-12 00:33:20.000,target_clicked,2
2015-10-12 00:33:20.000,scroll_down,5392
2015-10-12 00:33:20.000,select,1
2015-10-12 00:33:20.000,scroll_up,260
2015-10-12 03:20:00.000,target_clicked,6
2015-10-12 03:20:00.000,scroll_up,15
2015-10-12 03:20:00.000,select,1
2015-10-12 03:20:00.000,scroll_down,1211
2015-10-12 06:06:40.000,scroll_up,1290
2015-10-12 06:06:40.000,scroll_down,8726
2015-10-12 08:53:20.000,scroll_up,6
2015-10-12 08:53:20.000,scroll_down,555
2015-10-12 17:13:20.000,target_clicked,5
2015-10-12 17:13:20.000,scroll_down,2416
2015-10-12 17:13:20.000,scroll_up,341
2015-10-12 17:13:20.000,select,2
2015-10-12 20:00:00.000,scroll_down,2521
2015-10-12 20:00:00.000,scroll_up,292
2015-10-12 22:46:40.000,target_clicked,20
2015-10-12 22:46:40.000,scroll_up,825
2015-10-12 22:46:40.000,scroll_down,4145
2015-10-12 22:46:40.000,select,6
2015-10-13 01:33:20.000,target_clicked,2
2015-10-13 04:20:00.000,scroll_up,63
2015-10-13 04:20:00.000,scroll_down,336
2015-10-13 07:06:40.000,select,13
2015-10-13 07:06:40.000,scroll_down,2261
2015-10-13 07:06:40.000,target_clicked,19
2015-10-13 07:06:40.000,scroll_up,350
2015-10-13 09:53:20.000,scroll_up,23
2015-10-13 09:53:20.000,target_clicked,4
2015-10-13 09:53:20.000,select,1
2015-10-13 09:53:20.000,scroll_down,6
2015-10-13 15:26:40.000,scroll_up,193
2015-10-13 15:26:40.000,select,1
2015-10-13 15:26:40.000,scroll_down,2595
2015-10-13 15:26:40.000,target_clicked,3
2015-10-13 18:13:20.000,select,1
2015-10-13 18:13:20.000,scroll_up,7
2015-10-13 18:13:20.000,target_clicked,2
2015-10-13 18:13:20.000,scroll_down,255
2015-10-13 21:00:00.000,target_clicked,5
2015-10-13 21:00:00.000,scroll_down,1509
2015-10-13 21:00:00.000,scroll_up,478
2015-10-13 21:00:00.000,select,5
2015-10-13 23:46:40.000,scroll_up,100
2015-10-13 23:46:40.000,target_clicked,5
2015-10-13 23:46:40.000,scroll_down,3165
2015-10-14 02:33:20.000,scroll_down,1149
2015-10-14 02:33:20.000,scroll_up,472
2015-10-14 02:33:20.000,target_clicked,7
2015-10-14 05:20:00.000,scroll_down,6395
2015-10-14 05:20:00.000,select,1
2015-10-14 05:20:00.000,scroll_up,601
2015-10-14 05:20:00.000,target_clicked,2
2015-10-14 08:06:40.000,scroll_up,34
2015-10-14 08:06:40.000,scroll_down,232
2015-10-14 16:26:40.000,target_clicked,17
2015-10-14 16:26:40.000,scroll_down,1652
2015-10-14 16:26:40.000,scroll_up,628
2015-10-14 16:26:40.000,select,1
2015-10-14 19:13:20.000,scroll_up,208
2015-10-14 19:13:20.000,target_clicked,3
2015-10-14 19:13:20.000,scroll_down,691
2015-10-14 19:13:20.000,select,1
2015-10-14 22:00:00.000,target_clicked,16
2015-10-14 22:00:00.000,scroll_down,3942
2015-10-14 22:00:00.000,select,11
2015-10-14 22:00:00.000,scroll_up,1841
2015-10-15 00:46:40.000,select,8
2015-10-15 00:46:40.000,target_clicked,25
2015-10-15 00:46:40.000,scroll_up,708
2015-10-15 00:46:40.000,scroll_down,2456
2015-10-15 03:33:20.000,scroll_up,107
2015-10-15 03:33:20.000,select,5
2015-10-15 03:33:20.000,scroll_down,620
2015-10-15 03:33:20.000,target_clicked,18
2015-10-15 06:20:00.000,scroll_up,383
2015-10-15 06:20:00.000,scroll_down,431
2015-10-15 06:20:00.000,select,4
2015-10-15 06:20:00.000,target_clicked,74
2015-10-15 11:53:20.000,target_clicked,1
2015-10-15 11:53:20.000,scroll_down,59
2015-10-15 11:53:20.000,scroll_up,6
2015-10-15 14:40:00.000,scroll_up,65
2015-10-15 14:40:00.000,scroll_down,320
2015-10-15 14:40:00.000,target_clicked,4
2015-10-15 17:26:40.000,scroll_down,89
2015-10-15 17:26:40.000,target_clicked,6
2015-10-15 20:13:20.000,target_clicked,21
2015-10-15 20:13:20.000,select,2
2015-10-15 20:13:20.000,scroll_up,558
2015-10-15 20:13:20.000,scroll_down,1923
2015-10-15 23:00:00.000,scroll_up,16283
2015-10-15 23:00:00.000,select,44
2015-10-15 23:00:00.000,target_clicked,286
2015-10-15 23:00:00.000,scroll_down,40629
2015-10-16 01:46:40.000,scroll_up,6362
2015-10-16 01:46:40.000,select,11
2015-10-16 01:46:40.000,scroll_down,14415
2015-10-16 01:46:40.000,target_clicked,71
2015-10-16 04:33:20.000,scroll_up,2063
2015-10-16 04:33:20.000,target_clicked,67
2015-10-16 04:33:20.000,select,2
2015-10-16 04:33:20.000,scroll_down,5128
2015-10-16 07:20:00.000,target_clicked,16
2015-10-16 07:20:00.000,scroll_down,3039
2015-10-16 07:20:00.000,scroll_up,1290
2015-10-16 07:20:00.000,select,2
2015-10-16 10:06:40.000,target_clicked,13
2015-10-16 10:06:40.000,scroll_down,77
2015-10-16 10:06:40.000,select,11
2015-10-16 10:06:40.000,scroll_up,68
2015-10-16 12:53:20.000,target_clicked,10
2015-10-16 12:53:20.000,scroll_down,534
2015-10-16 12:53:20.000,scroll_up,14
2015-10-16 15:40:00.000,scroll_up,266
2015-10-16 15:40:00.000,scroll_down,531
2015-10-16 18:26:40.000,select,2
2015-10-16 18:26:40.000,scroll_up,241
2015-10-16 18:26:40.000,target_clicked,19
2015-10-16 18:26:40.000,scroll_down,510
2015-10-16 21:13:20.000,scroll_down,699
2015-10-16 21:13:20.000,target_clicked,45
2015-10-16 21:13:20.000,scroll_up,770
2015-10-16 21:13:20.000,select,5
2015-10-17 00:00:00.000,scroll_up,1253
2015-10-17 00:00:00.000,target_clicked,41
2015-10-17 00:00:00.000,select,9
2015-10-17 00:00:00.000,scroll_down,3601
2015-10-17 02:46:40.000,scroll_up,1
2015-10-17 02:46:40.000,scroll_down,11
2015-10-17 05:33:20.000,target_clicked,1
2015-10-17 05:33:20.000,scroll_down,31
2015-10-17 22:13:20.000,target_clicked,13
2015-10-17 22:13:20.000,select,6
2015-10-17 22:13:20.000,scroll_down,1442
2015-10-17 22:13:20.000,scroll_up,754
2015-10-18 01:00:00.000,scroll_down,106
2015-10-18 01:00:00.000,target_clicked,2
2015-10-18 01:00:00.000,scroll_up,76
2015-10-18 03:46:40.000,scroll_down,421
2015-10-18 03:46:40.000,target_clicked,3
2015-10-18 03:46:40.000,scroll_up,169
2015-10-18 17:40:00.000,scroll_down,1172
2015-10-18 17:40:00.000,scroll_up,114
2015-10-19 02:00:00.000,scroll_up,5
2015-10-19 02:00:00.000,scroll_down,1
2015-10-19 15:53:20.000,scroll_down,3
2015-10-19 15:53:20.000,target_clicked,1
2015-10-19 15:53:20.000,select,1
2015-10-19 18:40:00.000,target_clicked,17
2015-10-19 18:40:00.000,scroll_down,148
2015-10-19 18:40:00.000,scroll_up,103
2015-10-19 18:40:00.000,select,7
2015-10-19 21:26:40.000,scroll_down,35
2015-10-20 00:13:20.000,target_clicked,24
2015-10-20 00:13:20.000,scroll_down,43
2015-10-20 00:13:20.000,select,8
2015-10-20 00:13:20.000,scroll_up,24
2015-10-20 03:00:00.000,target_clicked,4
2015-10-20 03:00:00.000,scroll_up,181
2015-10-20 03:00:00.000,scroll_down,1140
2015-10-20 03:00:00.000,select,1
2015-10-20 05:46:40.000,target_clicked,32
2015-10-20 05:46:40.000,scroll_up,940
2015-10-20 05:46:40.000,select,12
2015-10-20 05:46:40.000,scroll_down,2415
2015-10-20 22:26:40.000,target_clicked,4
2015-10-20 22:26:40.000,scroll_up,518
2015-10-20 22:26:40.000,scroll_down,1907
2015-10-21 01:13:20.000,scroll_up,153
2015-10-21 01:13:20.000,scroll_down,1058
2015-10-21 01:13:20.000,target_clicked,1
2015-10-21 06:46:40.000,scroll_up,257
2015-10-21 06:46:40.000,target_clicked,2
2015-10-21 06:46:40.000,scroll_down,465
2015-10-21 09:33:20.000,scroll_down,42
2015-10-21 17:53:20.000,scroll_down,25
2015-10-21 17:53:20.000,target_clicked,2
2015-10-21 17:53:20.000,select,2
2015-10-21 20:40:00.000,scroll_down,551
2015-10-21 20:40:00.000,scroll_up,120
2015-10-21 23:26:40.000,scroll_down,241
2015-10-21 23:26:40.000,scroll_up,42
2015-10-21 23:26:40.000,target_clicked,1
2015-10-22 02:13:20.000,scroll_down,1597
2015-10-22 02:13:20.000,scroll_up,163
2015-10-22 05:00:00.000,scroll_up,154
2015-10-22 05:00:00.000,select,3
2015-10-22 05:00:00.000,target_clicked,9
2015-10-22 05:00:00.000,scroll_down,847
2015-10-22 07:46:40.000,scroll_up,441
2015-10-22 07:46:40.000,target_clicked,5
2015-10-22 07:46:40.000,scroll_down,711
2015-10-22 07:46:40.000,select,1
2015-10-22 10:33:20.000,select,3
2015-10-22 10:33:20.000,scroll_down,330
2015-10-22 10:33:20.000,target_clicked,10
2015-10-22 10:33:20.000,scroll_up,127
2015-10-22 13:20:00.000,scroll_down,391
2015-10-22 13:20:00.000,target_clicked,12
2015-10-22 13:20:00.000,select,10
2015-10-22 13:20:00.000,scroll_up,43
2015-10-22 16:06:40.000,target_clicked,2
2015-10-22 16:06:40.000,scroll_down,1875
2015-10-22 16:06:40.000,scroll_up,554
2015-10-22 16:06:40.000,select,1
2015-10-22 18:53:20.000,scroll_down,1988
2015-10-22 18:53:20.000,scroll_up,500
2015-10-22 18:53:20.000,select,1
2015-10-22 18:53:20.000,target_clicked,7
2015-10-22 21:40:00.000,select,5
2015-10-22 21:40:00.000,scroll_up,146
2015-10-22 21:40:00.000,target_clicked,6
2015-10-22 21:40:00.000,scroll_down,958
2015-10-23 00:26:40.000,scroll_down,125
2015-10-23 17:06:40.000,target_clicked,1
2015-10-23 17:06:40.000,scroll_up,38
2015-10-23 17:06:40.000,scroll_down,101
2015-10-23 19:53:20.000,scroll_up,1
2015-10-23 19:53:20.000,select,2
2015-10-23 19:53:20.000,scroll_down,36
2015-10-23 19:53:20.000,target_clicked,3
2015-10-23 22:40:00.000,scroll_up,113
2015-10-23 22:40:00.000,target_clicked,1
2015-10-24 07:00:00.000,scroll_down,34
2015-10-24 20:53:20.000,scroll_up,2
2015-10-24 20:53:20.000,scroll_down,11
2015-10-24 23:40:00.000,scroll_down,37
2015-10-24 23:40:00.000,scroll_up,27
2015-10-24 23:40:00.000,target_clicked,1
2015-10-25 02:26:40.000,scroll_down,17
2015-10-25 10:46:40.000,scroll_down,14
2015-10-25 10:46:40.000,target_clicked,3
2015-10-25 19:06:40.000,scroll_up,12
2015-10-25 19:06:40.000,scroll_down,31
2015-10-25 19:06:40.000,target_clicked,2
2015-10-25 21:53:20.000,scroll_down,20
2015-10-26 11:46:40.000,scroll_down,4
2015-10-26 11:46:40.000,target_clicked,16
2015-10-26 20:06:40.000,scroll_up,24
2015-10-26 20:06:40.000,target_clicked,1
2015-10-26 20:06:40.000,scroll_down,324
2015-10-26 22:53:20.000,target_clicked,13
2015-10-26 22:53:20.000,scroll_up,844
2015-10-26 22:53:20.000,scroll_down,4558
2015-10-27 01:40:00.000,target_clicked,10
2015-10-27 01:40:00.000,scroll_up,680
2015-10-27 01:40:00.000,select,2
2015-10-27 01:40:00.000,scroll_down,3200
2015-10-27 04:26:40.000,scroll_up,39
2015-10-27 04:26:40.000,target_clicked,3
2015-10-27 04:26:40.000,scroll_down,67
2015-10-27 07:13:20.000,scroll_up,5
2015-10-27 07:13:20.000,select,45
2015-10-27 07:13:20.000,scroll_down,51
2015-10-27 07:13:20.000,target_clicked,63
2015-10-27 12:46:40.000,target_clicked,1
2015-10-27 12:46:40.000,scroll_up,66
2015-10-27 12:46:40.000,scroll_down,171
2015-10-27 18:20:00.000,scroll_up,1
2015-10-27 18:20:00.000,scroll_down,59
2015-10-27 18:20:00.000,target_clicked,3
2015-10-27 21:06:40.000,scroll_down,273
2015-10-27 21:06:40.000,target_clicked,6
2015-10-27 21:06:40.000,scroll_up,19
2015-10-27 21:06:40.000,select,2
2015-10-27 23:53:20.000,scroll_up,444
2015-10-27 23:53:20.000,scroll_down,779
2015-10-28 02:40:00.000,target_clicked,5
2015-10-28 02:40:00.000,scroll_up,77
2015-10-28 02:40:00.000,scroll_down,238
2015-10-28 05:26:40.000,scroll_up,168
2015-10-28 05:26:40.000,select,1
2015-10-28 05:26:40.000,target_clicked,2
2015-10-28 05:26:40.000,scroll_down,399
2015-10-28 13:46:40.000,scroll_up,201
2015-10-28 13:46:40.000,select,1
2015-10-28 13:46:40.000,target_clicked,1
2015-10-28 13:46:40.000,scroll_down,324
2015-10-28 16:33:20.000,scroll_up,6
2015-10-28 16:33:20.000,scroll_down,118
2015-10-28 19:20:00.000,scroll_up,1474
2015-10-28 19:20:00.000,select,12
2015-10-28 19:20:00.000,scroll_down,6333
2015-10-28 19:20:00.000,target_clicked,25
2015-10-28 22:06:40.000,target_clicked,10
2015-10-28 22:06:40.000,scroll_down,9784
2015-10-28 22:06:40.000,scroll_up,1739
2015-10-29 00:53:20.000,scroll_down,601
2015-10-29 00:53:20.000,scroll_up,121
2015-10-29 00:53:20.000,target_clicked,1
2015-10-29 03:40:00.000,target_clicked,13
2015-10-29 03:40:00.000,scroll_down,134
2015-10-29 03:40:00.000,scroll_up,22
2015-10-29 03:40:00.000,select,7
2015-10-29 06:26:40.000,target_clicked,4
2015-10-29 06:26:40.000,scroll_up,13
2015-10-29 06:26:40.000,select,2
2015-10-29 06:26:40.000,scroll_down,12
2015-10-29 09:13:20.000,scroll_up,81
2015-10-29 09:13:20.000,scroll_down,86
2015-10-29 17:33:20.000,scroll_up,168
2015-10-29 17:33:20.000,scroll_down,1434
2015-10-29 20:20:00.000,scroll_down,161
2015-10-29 20:20:00.000,scroll_up,36
2015-10-29 23:06:40.000,target_clicked,8
2015-10-29 23:06:40.000,scroll_down,609
2015-10-29 23:06:40.000,select,2
2015-10-29 23:06:40.000,scroll_up,188
2015-10-30 01:53:20.000,scroll_down,531
2015-10-30 01:53:20.000,scroll_up,48
2015-10-30 04:40:00.000,scroll_down,203
2015-10-30 04:40:00.000,scroll_up,24
2015-10-30 07:26:40.000,scroll_up,77
2015-10-30 07:26:40.000,scroll_down,248
2015-10-30 18:33:20.000,scroll_up,542
2015-10-30 18:33:20.000,select,11
2015-10-30 18:33:20.000,target_clicked,22
2015-10-30 18:33:20.000,scroll_down,1132
2015-10-30 21:20:00.000,select,6
2015-10-30 21:20:00.000,scroll_up,1280
2015-10-30 21:20:00.000,scroll_down,5391
2015-10-30 21:20:00.000,target_clicked,18
2015-10-31 00:06:40.000,scroll_down,1908
2015-10-31 00:06:40.000,target_clicked,1
2015-10-31 00:06:40.000,scroll_up,168
2015-10-31 02:53:20.000,scroll_down,305
2015-10-31 16:46:40.000,scroll_down,5
2015-10-31 16:46:40.000,target_clicked,1
2015-10-31 16:46:40.000,scroll_up,10
2015-10-31 19:33:20.000,target_clicked,6
2015-10-31 19:33:20.000,scroll_down,525
2015-10-31 19:33:20.000,scroll_up,209
2015-10-31 22:20:00.000,scroll_down,3
2015-11-01 17:46:40.000,select,1
2015-11-01 17:46:40.000,scroll_up,44
2015-11-01 17:46:40.000,scroll_down,113
2015-11-01 17:46:40.000,target_clicked,5
2015-11-01 20:33:20.000,scroll_down,22
2015-11-01 20:33:20.000,target_clicked,1
2015-11-01 23:20:00.000,scroll_up,330
2015-11-01 23:20:00.000,scroll_down,231
2015-11-01 23:20:00.000,target_clicked,2
2015-11-02 02:06:40.000,target_clicked,4
2015-11-02 02:06:40.000,scroll_down,1213
2015-11-02 04:53:20.000,scroll_down,546
2015-11-02 04:53:20.000,scroll_up,343
2015-11-02 04:53:20.000,target_clicked,3
2015-11-02 07:40:00.000,select,5
2015-11-02 07:40:00.000,scroll_down,1300
2015-11-02 07:40:00.000,target_clicked,8
2015-11-02 07:40:00.000,scroll_up,501
2015-11-02 10:26:40.000,select,2
2015-11-02 10:26:40.000,scroll_up,42
2015-11-02 10:26:40.000,target_clicked,3
2015-11-02 10:26:40.000,scroll_down,96
2015-11-02 16:00:00.000,scroll_down,565
2015-11-02 16:00:00.000,scroll_up,155
2015-11-02 18:46:40.000,select,3
2015-11-02 18:46:40.000,target_clicked,7
2015-11-02 18:46:40.000,scroll_up,1588
2015-11-02 18:46:40.000,scroll_down,4381
2015-11-02 21:33:20.000,scroll_up,1254
2015-11-02 21:33:20.000,target_clicked,4
2015-11-02 21:33:20.000,scroll_down,3950
2015-11-03 00:20:00.000,select,13
2015-11-03 00:20:00.000,scroll_up,889
2015-11-03 00:20:00.000,target_clicked,31
2015-11-03 00:20:00.000,scroll_down,3975
2015-11-03 03:06:40.000,scroll_down,430
2015-11-03 03:06:40.000,target_clicked,3
2015-11-03 03:06:40.000,scroll_up,116
2015-11-03 08:40:00.000,scroll_up,192
2015-11-03 08:40:00.000,select,1
2015-11-03 08:40:00.000,scroll_down,481
2015-11-03 08:40:00.000,target_clicked,3
2015-11-03 17:00:00.000,scroll_down,413
2015-11-03 17:00:00.000,scroll_up,25
2015-11-03 19:46:40.000,scroll_up,376
2015-11-03 19:46:40.000,select,3
2015-11-03 19:46:40.000,scroll_down,1148
2015-11-03 19:46:40.000,target_clicked,7
2015-11-03 22:33:20.000,scroll_down,8
2015-11-03 22:33:20.000,target_clicked,2
2015-11-03 22:33:20.000,scroll_up,11
2015-11-04 01:20:00.000,target_clicked,4
2015-11-04 01:20:00.000,scroll_down,233
2015-11-04 01:20:00.000,scroll_up,93
2015-11-04 01:20:00.000,select,4
2015-11-04 04:06:40.000,scroll_up,596
2015-11-04 04:06:40.000,target_clicked,4
2015-11-04 04:06:40.000,scroll_down,3992
2015-11-04 06:53:20.000,scroll_up,1037
2015-11-04 06:53:20.000,target_clicked,1
2015-11-04 06:53:20.000,scroll_down,3489
2015-11-04 06:53:20.000,select,1
2015-11-04 09:40:00.000,scroll_down,339
2015-11-04 09:40:00.000,target_clicked,4
2015-11-04 09:40:00.000,select,2
2015-11-04 09:40:00.000,scroll_up,91
2015-11-04 18:00:00.000,scroll_down,1745
2015-11-04 18:00:00.000,scroll_up,537
2015-11-04 20:46:40.000,scroll_up,27
2015-11-04 20:46:40.000,scroll_down,185
2015-11-04 23:33:20.000,scroll_up,52
2015-11-04 23:33:20.000,select,3
2015-11-04 23:33:20.000,target_clicked,5
2015-11-04 23:33:20.000,scroll_down,140
2015-11-05 02:20:00.000,select,4
2015-11-05 02:20:00.000,scroll_up,732
2015-11-05 02:20:00.000,target_clicked,6
2015-11-05 02:20:00.000,scroll_down,1823
2015-11-05 05:06:40.000,scroll_up,228
2015-11-05 05:06:40.000,select,2
2015-11-05 05:06:40.000,target_clicked,8
2015-11-05 05:06:40.000,scroll_down,1352
2015-11-05 07:53:20.000,scroll_down,99
2015-11-05 07:53:20.000,scroll_up,53
2015-11-05 19:00:00.000,scroll_up,22
2015-11-06 00:33:20.000,scroll_up,1811
2015-11-06 00:33:20.000,target_clicked,12
2015-11-06 00:33:20.000,scroll_down,4777
2015-11-06 00:33:20.000,select,4
2015-11-06 03:20:00.000,scroll_up,155
2015-11-06 03:20:00.000,scroll_down,1988
2015-11-06 06:06:40.000,select,2
2015-11-06 06:06:40.000,scroll_up,370
2015-11-06 06:06:40.000,target_clicked,6
2015-11-06 06:06:40.000,scroll_down,1854
2015-11-06 08:53:20.000,target_clicked,4
2015-11-06 08:53:20.000,scroll_down,32
2015-11-06 08:53:20.000,select,2
2015-11-06 17:13:20.000,scroll_down,2238
2015-11-06 17:13:20.000,target_clicked,28
2015-11-06 17:13:20.000,select,10
2015-11-06 17:13:20.000,scroll_up,415
2015-11-06 20:00:00.000,scroll_up,442
2015-11-06 20:00:00.000,select,12
2015-11-06 20:00:00.000,scroll_down,1849
2015-11-06 20:00:00.000,target_clicked,16
2015-11-06 22:46:40.000,scroll_down,138
2015-11-06 22:46:40.000,scroll_up,3
2015-11-06 22:46:40.000,select,10
2015-11-06 22:46:40.000,target_clicked,13
2015-11-07 01:33:20.000,target_clicked,18
2015-11-07 01:33:20.000,scroll_down,456
2015-11-07 01:33:20.000,select,1
2015-11-07 01:33:20.000,scroll_up,178
2015-11-07 04:20:00.000,target_clicked,1
2015-11-07 04:20:00.000,scroll_up,3
2015-11-07 15:26:40.000,scroll_up,66
2015-11-07 15:26:40.000,scroll_down,286
2015-11-07 21:00:00.000,target_clicked,3
2015-11-07 21:00:00.000,scroll_down,880
2015-11-07 21:00:00.000,scroll_up,117
2015-11-07 23:46:40.000,scroll_up,421
2015-11-07 23:46:40.000,scroll_down,1836
2015-11-08 05:20:00.000,scroll_up,23
2015-11-08 05:20:00.000,scroll_down,163
2015-11-08 22:00:00.000,scroll_up,39
2015-11-08 22:00:00.000,scroll_down,359
2015-11-09 06:20:00.000,scroll_down,176
2015-11-09 06:20:00.000,scroll_up,29
2015-11-09 17:26:40.000,scroll_down,336
2015-11-09 17:26:40.000,scroll_up,60
2015-11-09 20:13:20.000,scroll_up,667
2015-11-09 20:13:20.000,scroll_down,2387
2015-11-09 20:13:20.000,target_clicked,1
2015-11-09 23:00:00.000,scroll_down,2154
2015-11-09 23:00:00.000,scroll_up,591
2015-11-09 23:00:00.000,target_clicked,1
2015-11-10 01:46:40.000,scroll_down,294
2015-11-10 01:46:40.000,target_clicked,3
2015-11-10 01:46:40.000,scroll_up,129
2015-11-10 01:46:40.000,select,1
2015-11-10 21:13:20.000,scroll_up,236
2015-11-10 21:13:20.000,scroll_down,881
2015-11-11 00:00:00.000,select,2
2015-11-11 00:00:00.000,scroll_down,9
2015-11-11 00:00:00.000,target_clicked,7
2015-11-11 00:00:00.000,scroll_up,3
2015-11-11 02:46:40.000,scroll_down,386
2015-11-11 02:46:40.000,target_clicked,3
2015-11-11 02:46:40.000,scroll_up,89
2015-11-11 19:26:40.000,target_clicked,4
2015-11-11 19:26:40.000,scroll_down,69
2015-11-11 19:26:40.000,select,3
2015-11-11 19:26:40.000,scroll_up,13
2015-11-11 22:13:20.000,target_clicked,18
2015-11-11 22:13:20.000,select,7
2015-11-11 22:13:20.000,scroll_up,106
2015-11-11 22:13:20.000,scroll_down,308
2015-11-12 01:00:00.000,scroll_up,24
2015-11-12 01:00:00.000,target_clicked,3
2015-11-12 01:00:00.000,scroll_down,91
2015-11-12 17:40:00.000,scroll_down,1029
2015-11-12 17:40:00.000,scroll_up,332
2015-11-12 17:40:00.000,select,2
2015-11-12 17:40:00.000,target_clicked,3
2015-11-12 20:26:40.000,scroll_down,2072
2015-11-12 20:26:40.000,select,1
2015-11-12 20:26:40.000,target_clicked,10
2015-11-12 20:26:40.000,scroll_up,415
2015-11-12 23:13:20.000,scroll_up,248
2015-11-12 23:13:20.000,target_clicked,1
2015-11-12 23:13:20.000,scroll_down,974
2015-11-13 02:00:00.000,scroll_up,130
2015-11-13 02:00:00.000,scroll_down,786
2015-11-13 04:46:40.000,scroll_up,39
2015-11-13 04:46:40.000,scroll_down,163
2015-11-13 04:46:40.000,target_clicked,1
2015-11-13 07:33:20.000,scroll_up,18
2015-11-13 07:33:20.000,select,2
2015-11-13 07:33:20.000,target_clicked,6
2015-11-13 07:33:20.000,scroll_down,183
2015-11-13 10:20:00.000,scroll_up,262
2015-11-13 10:20:00.000,target_clicked,1
2015-11-13 10:20:00.000,scroll_down,615
2015-11-13 15:53:20.000,scroll_down,1255
2015-11-13 15:53:20.000,scroll_up,89
2015-11-13 18:40:00.000,target_clicked,5
2015-11-13 18:40:00.000,scroll_down,2857
2015-11-13 18:40:00.000,scroll_up,681
2015-11-13 21:26:40.000,target_clicked,22
2015-11-13 21:26:40.000,select,14
2015-11-13 21:26:40.000,scroll_down,1550
2015-11-13 21:26:40.000,scroll_up,265
2015-11-14 00:13:20.000,select,15
2015-11-14 00:13:20.000,scroll_up,1667
2015-11-14 00:13:20.000,scroll_down,3832
2015-11-14 00:13:20.000,target_clicked,34
2015-11-14 03:00:00.000,scroll_up,295
2015-11-14 03:00:00.000,target_clicked,6
2015-11-14 03:00:00.000,scroll_down,423
2015-11-14 03:00:00.000,select,1
2015-11-14 08:33:20.000,scroll_down,398
2015-11-14 08:33:20.000,scroll_up,75
2015-11-14 22:26:40.000,target_clicked,4
2015-11-14 22:26:40.000,select,4
2015-11-14 22:26:40.000,scroll_down,22
2015-11-15 04:00:00.000,scroll_up,27
2015-11-15 04:00:00.000,scroll_down,199
2015-11-15 06:46:40.000,scroll_up,52
2015-11-15 06:46:40.000,scroll_down,366
2015-11-15 23:26:40.000,target_clicked,2
2015-11-15 23:26:40.000,scroll_up,11
2015-11-15 23:26:40.000,select,1
2015-11-15 23:26:40.000,scroll_down,17
2015-11-16 02:13:20.000,scroll_down,347
2015-11-16 02:13:20.000,target_clicked,8
2015-11-16 02:13:20.000,scroll_up,120
2015-11-16 02:13:20.000,select,5
2015-11-16 05:00:00.000,scroll_up,431
2015-11-16 05:00:00.000,scroll_down,1397
2015-11-16 21:40:00.000,scroll_down,386
2015-11-16 21:40:00.000,scroll_up,25
2015-11-17 03:13:20.000,scroll_up,229
2015-11-17 03:13:20.000,scroll_down,381
2015-11-17 03:13:20.000,target_clicked,3
2015-11-17 06:00:00.000,scroll_up,14
2015-11-17 06:00:00.000,scroll_down,102
2015-11-17 06:00:00.000,target_clicked,1
2015-11-17 17:06:40.000,scroll_down,989
2015-11-17 17:06:40.000,scroll_up,426
2015-11-17 17:06:40.000,target_clicked,8
2015-11-17 19:53:20.000,scroll_up,95
2015-11-17 19:53:20.000,scroll_down,440
2015-11-17 22:40:00.000,target_clicked,5
2015-11-17 22:40:00.000,scroll_up,326
2015-11-17 22:40:00.000,scroll_down,929
2015-11-18 01:26:40.000,scroll_up,386
2015-11-18 01:26:40.000,scroll_down,1499
2015-11-18 18:06:40.000,scroll_down,1466
2015-11-18 18:06:40.000,scroll_up,427
2015-11-18 20:53:20.000,target_clicked,1
2015-11-18 20:53:20.000,scroll_up,88
2015-11-18 20:53:20.000,scroll_down,1074
2015-11-18 23:40:00.000,target_clicked,1
2015-11-18 23:40:00.000,select,1
2015-11-18 23:40:00.000,scroll_up,10
2015-11-18 23:40:00.000,scroll_down,99
2015-11-19 02:26:40.000,scroll_up,96
2015-11-19 02:26:40.000,target_clicked,5
2015-11-19 02:26:40.000,scroll_down,931
2015-11-19 05:13:20.000,scroll_down,30
2015-11-19 05:13:20.000,scroll_up,24
2015-11-19 05:13:20.000,target_clicked,3
2015-11-19 08:00:00.000,scroll_down,243
2015-11-19 08:00:00.000,target_clicked,39
2015-11-19 08:00:00.000,scroll_up,117
2015-11-19 08:00:00.000,select,17
2015-11-19 16:20:00.000,scroll_down,531
2015-11-19 16:20:00.000,scroll_up,64
2015-11-20 00:40:00.000,scroll_up,276
2015-11-20 00:40:00.000,scroll_down,1337
2015-11-20 00:40:00.000,target_clicked,1
2015-11-20 00:40:00.000,select,1
2015-11-20 03:26:40.000,scroll_down,55
2015-11-20 03:26:40.000,target_clicked,10
2015-11-20 03:26:40.000,scroll_up,60
2015-11-20 03:26:40.000,select,2
2015-11-20 06:13:20.000,scroll_up,173
2015-11-20 06:13:20.000,target_clicked,4
2015-11-20 06:13:20.000,scroll_down,595
2015-11-20 06:13:20.000,select,2
2015-11-20 09:00:00.000,scroll_down,2030
2015-11-20 09:00:00.000,target_clicked,7
2015-11-20 09:00:00.000,scroll_up,1124
2015-11-20 11:46:40.000,scroll_down,1
2015-11-20 11:46:40.000,scroll_up,25
2015-11-20 14:33:20.000,scroll_down,660
2015-11-20 14:33:20.000,target_clicked,7
2015-11-20 14:33:20.000,select,5
2015-11-20 14:33:20.000,scroll_up,372
2015-11-20 17:20:00.000,target_clicked,1
2015-11-20 17:20:00.000,scroll_down,9
2015-11-20 20:06:40.000,target_clicked,4
2015-11-20 20:06:40.000,scroll_down,438
2015-11-20 20:06:40.000,select,1
2015-11-20 20:06:40.000,scroll_up,108
2015-11-20 22:53:20.000,target_clicked,14
2015-11-20 22:53:20.000,scroll_down,2034
2015-11-20 22:53:20.000,scroll_up,498
2015-11-20 22:53:20.000,select,5
2015-11-21 01:40:00.000,scroll_down,651
2015-11-21 01:40:00.000,target_clicked,7
2015-11-21 01:40:00.000,scroll_up,394
2015-11-21 04:26:40.000,scroll_down,41
2015-11-21 04:26:40.000,scroll_up,27
2015-11-21 18:20:00.000,scroll_down,545
2015-11-21 18:20:00.000,scroll_up,38
2015-11-21 21:06:40.000,select,2
2015-11-21 21:06:40.000,scroll_up,100
2015-11-21 21:06:40.000,target_clicked,5
2015-11-21 21:06:40.000,scroll_down,312
2015-11-22 02:40:00.000,scroll_down,459
2015-11-22 02:40:00.000,scroll_up,33
2015-11-22 05:26:40.000,scroll_up,45
2015-11-22 05:26:40.000,scroll_down,326
2015-11-23 03:40:00.000,scroll_down,262
2015-11-23 06:26:40.000,scroll_up,405
2015-11-23 06:26:40.000,scroll_down,467
